{"schemaVersion":"1.0","appDefinitionTemplate":{"id":"/providers/Microsoft.PowerApps/apps/","type":"Microsoft.PowerApps/apps","tags":{"primaryDeviceWidth":"640","primaryDeviceHeight":"1136","supportsPortrait":"true","supportsLandscape":"true","primaryFormFactor":"Phone","publisherVersion":"3.23064.16","minimumRequiredApiVersion":"2.2.0","hasComponent":"false","hasUnlockedComponent":"false","isUnifiedRootApp":"false","sienaVersion":"20230715T160854Z-3.23064.16.0"},"properties":{"appVersion":"2023-07-15T16:08:54Z","lifeCycleId":"Published","createdByClientVersion":{"major":3,"minor":23064,"build":16,"revision":0,"majorRevision":0,"minorRevision":0},"minClientVersion":{"major":3,"minor":23064,"build":16,"revision":0,"majorRevision":0,"minorRevision":0},"backgroundColor":"rgba(246, 88, 16, 1)","backgroundImageUri":"/829699351791977172/N32a1b24e-d5ec-44a7-aa5d-1ed47b9a495a-logoSmallFile","displayName":"GameMockup-!NeRdlE","description":"","commitMessage":"","appUris":{"documentUri":{"value":"/829699351791977172/Nbfe762cb-ae51-4ddd-881f-b986f02935e5-document.msapp"},"imageUris":[],"additionalUris":[]},"createdTime":"0001-01-01T00:00:00Z","lastModifiedTime":"0001-01-01T00:00:00Z","sharedGroupsCount":0,"sharedUsersCount":0,"connectionReferences":{},"databaseReferences":{},"almMode":"Environment","performanceOptimizationEnabled":true,"canConsumeAppPass":true,"enableModernRuntimeMode":false,"executionRestrictions":{"isTeamsOnly":false,"dataLossPreventionEvaluationResult":{"status":"Compliant","lastEvaluationDate":"2023-05-31T23:03:06.0190319Z","violations":[],"violationsByPolicy":[],"violationErrorMessage":"The app uses the following connectors: ."}}},"appType":"ClassicCanvasApp","appComponents":[]}}