{"schemaVersion":"1.0","appDefinitionTemplate":{"id":"/providers/Microsoft.PowerApps/apps/","type":"Microsoft.PowerApps/apps","tags":{"primaryDeviceWidth":"1366","primaryDeviceHeight":"768","supportsPortrait":"true","supportsLandscape":"true","primaryFormFactor":"Tablet","publisherVersion":"3.22084.17","minimumRequiredApiVersion":"2.2.0","hasComponent":"false","hasUnlockedComponent":"false","isUnifiedRootApp":"false","sienaVersion":"20220908T020829Z-3.22084.17.0"},"properties":{"appVersion":"2022-09-08T02:08:29Z","lifeCycleId":"Published","createdByClientVersion":{"major":3,"minor":22084,"build":17,"revision":0,"majorRevision":0,"minorRevision":0},"minClientVersion":{"major":3,"minor":22084,"build":17,"revision":0,"majorRevision":0,"minorRevision":0},"backgroundColor":"rgba(246, 88, 16, 1)","backgroundImageUri":"/3603743898889430265/N23ce3baf-edbd-40f2-8f79-ccc11ac433b6-logoSmallFile","displayName":"Game Mockup - !Jeopardy","description":"Jeopardy-esque game with dummy categories and questions.","commitMessage":"","appUris":{"documentUri":{"value":"/3603743898889430265/N0e3bcb3d-74e4-4bcc-ab26-900652b164bc-document.msapp"},"imageUris":[],"additionalUris":[]},"createdTime":"0001-01-01T00:00:00Z","lastModifiedTime":"0001-01-01T00:00:00Z","sharedGroupsCount":0,"sharedUsersCount":0,"icons":{"smallIconUri":"/3603743898889430265/Nb103024b-336a-4691-b03a-c882a410092c-small.png","mediumIconUri":"/3603743898889430265/Na40d83f5-ed83-4ae7-a486-5577d46bd468-medium.png","largeIconUri":"/3603743898889430265/Nde0e14c6-e943-41f7-8fc0-a5531ea6baf3-large.png","wideIconUri":"/3603743898889430265/N7d287006-8a4b-46b8-95d5-f69d70714f85-wide.png"},"connectionReferences":{"8972b0dc-117d-46d5-b991-4b087ac57924":{"id":"480f5eea-ebe7-4a7a-bb5f-9bfc5f529af6","displayName":"Excel Online (Business)","iconUri":"https://connectoricons-prod.azureedge.net/releases/v1.0.1590/1.0.1590.2954/excelonlinebusiness/icon.png","dataSources":["Categories","Questions"],"dependencies":[],"dependents":[],"parameterHints":{},"parameterHintsV2":{},"isOnPremiseConnection":false,"bypassConsent":false,"dataSets":{"me,b%2521hWKOEZ1R0E-AQHZk0S2h6nvEFjT-fXNHl_REw8_D_tk0174eJhsaTIt2J8i7IPIQ,01FC37YF4PBLVY4QWKTFFLEEWNPKFOC3OL":{"dataSources":{"Categories":{"tableName":"{274B2AE1-AC75-4520-946E-0B7CC5B23DB0}"},"Questions":{"tableName":"{A18FAA4E-D1C7-4BC9-A9FB-B559D3F336C1}"}}}},"apiTier":"Standard","isCustomApiConnection":false,"actions":["providers/PowerPlatform.Governance/Operations/Read"]}},"databaseReferences":{},"almMode":"Environment","performanceOptimizationEnabled":true,"canConsumeAppPass":true,"enableModernRuntimeMode":false,"executionRestrictions":{"isTeamsOnly":false,"dataLossPreventionEvaluationResult":{"status":"Compliant","lastEvaluationDate":"2022-09-05T22:20:48.2111436Z","violations":[],"violationsByPolicy":[],"violationErrorMessage":"The app uses the following connectors: shared_excelonlinebusiness."}}},"appType":"ClassicCanvasApp","appComponents":[]}}