{"schemaVersion":"1.0","appDefinitionTemplate":{"id":"/providers/Microsoft.PowerApps/apps/","type":"Microsoft.PowerApps/apps","tags":{"primaryDeviceWidth":"1366","primaryDeviceHeight":"768","sienaVersion":"20220815T022044Z-3.22074.11.0","deviceCapabilities":"","supportsPortrait":"true","supportsLandscape":"true","primaryFormFactor":"Tablet","publisherVersion":"3.22074.11","minimumRequiredApiVersion":"2.2.0","hasComponent":"false","hasUnlockedComponent":"false","isUnifiedRootApp":"false"},"properties":{"appVersion":"2022-08-15T02:20:44Z","lifeCycleId":"Published","createdByClientVersion":{"major":3,"minor":22074,"build":11,"revision":0,"majorRevision":0,"minorRevision":0},"minClientVersion":{"major":3,"minor":22074,"build":11,"revision":0,"majorRevision":0,"minorRevision":0},"backgroundColor":"rgba(103, 207, 207, 1)","backgroundImageUri":"/7045118783125577960/Nad795f24-7545-4c96-8e89-91f19844863c-logoSmallFile","displayName":"Sample Raffle","description":"Shuffle a list of names and return the first name.","commitMessage":"","appUris":{"documentUri":{"value":"/7045118783125577960/N18a59853-b9cd-4a6c-8ea0-86c024b01b37-document.msapp"},"imageUris":[],"additionalUris":[]},"createdTime":"0001-01-01T00:00:00Z","lastModifiedTime":"0001-01-01T00:00:00Z","sharedGroupsCount":0,"sharedUsersCount":0,"icons":{"smallIconUri":"/7045118783125577960/N5e4361ff-4740-46c8-b72c-33ac50c6e3b4-small.png","mediumIconUri":"/7045118783125577960/N01b0844a-e353-4fd9-afe7-a7bf88709d12-medium.png","largeIconUri":"/7045118783125577960/Na996a8d7-dfa8-41ba-988c-6ad3e9e1e9b3-large.png","wideIconUri":"/7045118783125577960/N4823ad36-a395-4f71-98c6-23f72ac5334c-wide.png"},"connectionReferences":{},"databaseReferences":{},"almMode":"Environment","performanceOptimizationEnabled":true,"canConsumeAppPass":true,"executionRestrictions":{"isTeamsOnly":false,"dataLossPreventionEvaluationResult":{"status":"Compliant","lastEvaluationDate":"2021-12-18T18:09:26.5236669Z","violations":[],"violationsByPolicy":[],"violationErrorMessage":"The app uses the following connectors: ."}}},"appType":"ClassicCanvasApp","appComponents":[]}}